1,https://s3.amazonaws.com/fecphotogallery2019/photos/1_1.jpg,1
2,https://s3.amazonaws.com/fecphotogallery2019/photos/1_2.jpg,1
3,https://s3.amazonaws.com/fecphotogallery2019/photos/2_1.jpg,2
4,https://s3.amazonaws.com/fecphotogallery2019/photos/2_2.jpg,2
5,https://s3.amazonaws.com/fecphotogallery2019/photos/2_3.jpg,2
6,https://s3.amazonaws.com/fecphotogallery2019/photos/2_4.jpg,2
7,https://s3.amazonaws.com/fecphotogallery2019/photos/2_5.jpg,2
8,https://s3.amazonaws.com/fecphotogallery2019/photos/2_6.png,2
9,https://s3.amazonaws.com/fecphotogallery2019/photos/3_1.jpg,3
10,https://s3.amazonaws.com/fecphotogallery2019/photos/3_2.jpg,3
11,https://s3.amazonaws.com/fecphotogallery2019/photos/4_1.jpg,4
12,https://s3.amazonaws.com/fecphotogallery2019/photos/4_2.jpg,4
13,https://s3.amazonaws.com/fecphotogallery2019/photos/4_3.jpg,4
14,https://s3.amazonaws.com/fecphotogallery2019/photos/4_4.jpg,4
15,https://s3.amazonaws.com/fecphotogallery2019/photos/4_5.jpg,4
16,https://s3.amazonaws.com/fecphotogallery2019/photos/4_6.jpg,4
17,https://s3.amazonaws.com/fecphotogallery2019/photos/4_7.jpg,4
18,https://s3.amazonaws.com/fecphotogallery2019/photos/5_1.jpg,5
19,https://s3.amazonaws.com/fecphotogallery2019/photos/5_2.jpg,5
20,https://s3.amazonaws.com/fecphotogallery2019/photos/5_3.jpg,5
21,https://s3.amazonaws.com/fecphotogallery2019/photos/6_1.jpg,6
22,https://s3.amazonaws.com/fecphotogallery2019/photos/6_2.jpg,6
23,https://s3.amazonaws.com/fecphotogallery2019/photos/6_3.jpg,6
24,https://s3.amazonaws.com/fecphotogallery2019/photos/6_4.jpg,6
25,https://s3.amazonaws.com/fecphotogallery2019/photos/7_1.jpg,7
26,https://s3.amazonaws.com/fecphotogallery2019/photos/7_2.jpg,7
27,https://s3.amazonaws.com/fecphotogallery2019/photos/8_1.jpg,8
28,https://s3.amazonaws.com/fecphotogallery2019/photos/9_1.jpg,9
29,https://s3.amazonaws.com/fecphotogallery2019/photos/9_2.jpg,9
30,https://s3.amazonaws.com/fecphotogallery2019/photos/9_3.jpg,9
31,https://s3.amazonaws.com/fecphotogallery2019/photos/10_1.jpg,10
32,https://s3.amazonaws.com/fecphotogallery2019/photos/10_2.jpg,10
33,https://s3.amazonaws.com/fecphotogallery2019/photos/10_3.jpg,10
34,https://s3.amazonaws.com/fecphotogallery2019/photos/10_4.jpg,10
35,https://s3.amazonaws.com/fecphotogallery2019/photos/11_1.jpg,11
36,https://s3.amazonaws.com/fecphotogallery2019/photos/11_2.jpg,11
37,https://s3.amazonaws.com/fecphotogallery2019/photos/11_3.jpg,11
38,https://s3.amazonaws.com/fecphotogallery2019/photos/11_4.jpg,11
39,https://s3.amazonaws.com/fecphotogallery2019/photos/11_5.jpg,11
40,https://s3.amazonaws.com/fecphotogallery2019/photos/11_6.jpg,11
41,https://s3.amazonaws.com/fecphotogallery2019/photos/11_7.jpg,11
42,https://s3.amazonaws.com/fecphotogallery2019/photos/12_1.jpg,12
43,https://s3.amazonaws.com/fecphotogallery2019/photos/12_2.jpg,12
44,https://s3.amazonaws.com/fecphotogallery2019/photos/12_3.png,12
45,https://s3.amazonaws.com/fecphotogallery2019/photos/12_4.jpg,12
46,https://s3.amazonaws.com/fecphotogallery2019/photos/12_5.jpg,12
47,https://s3.amazonaws.com/fecphotogallery2019/photos/12_6.jpg,12
48,https://s3.amazonaws.com/fecphotogallery2019/photos/12_7.jpg,12
49,https://s3.amazonaws.com/fecphotogallery2019/photos/12_8.jpg,12
50,https://s3.amazonaws.com/fecphotogallery2019/photos/12_9.jpg,12
51,https://s3.amazonaws.com/fecphotogallery2019/photos/12_10.jpg,12
52,https://s3.amazonaws.com/fecphotogallery2019/photos/13_1.jpg,13
53,https://s3.amazonaws.com/fecphotogallery2019/photos/13_2.jpg,13
54,https://s3.amazonaws.com/fecphotogallery2019/photos/13_3.jpg,13
55,https://s3.amazonaws.com/fecphotogallery2019/photos/13_4.jpg,13
56,https://s3.amazonaws.com/fecphotogallery2019/photos/14_1.jpg,14
57,https://s3.amazonaws.com/fecphotogallery2019/photos/14_2.jpg,14
58,https://s3.amazonaws.com/fecphotogallery2019/photos/14_3.jpg,14
59,https://s3.amazonaws.com/fecphotogallery2019/photos/15_1.jpeg,15
60,https://s3.amazonaws.com/fecphotogallery2019/photos/15_2.jpeg,15
61,https://s3.amazonaws.com/fecphotogallery2019/photos/15_3.png,15
62,https://s3.amazonaws.com/fecphotogallery2019/photos/16_1.jpg,16
63,https://s3.amazonaws.com/fecphotogallery2019/photos/16_2.jpg,16
64,https://s3.amazonaws.com/fecphotogallery2019/photos/16_3.jpg,16
65,https://s3.amazonaws.com/fecphotogallery2019/photos/16_4.jpg,16
66,https://s3.amazonaws.com/fecphotogallery2019/photos/17_1.jpg,17
67,https://s3.amazonaws.com/fecphotogallery2019/photos/17_2.jpg,17
68,https://s3.amazonaws.com/fecphotogallery2019/photos/17_3.jpg,17
69,https://s3.amazonaws.com/fecphotogallery2019/photos/18_1.png,18
70,https://s3.amazonaws.com/fecphotogallery2019/photos/18_2.jpeg,18
71,https://s3.amazonaws.com/fecphotogallery2019/photos/18_3.jpeg,18
72,https://s3.amazonaws.com/fecphotogallery2019/photos/18_4.jpeg,18
73,https://s3.amazonaws.com/fecphotogallery2019/photos/19_1.jpg,19
74,https://s3.amazonaws.com/fecphotogallery2019/photos/19_2.jpg,19
75,https://s3.amazonaws.com/fecphotogallery2019/photos/19_3.jpg,19
76,https://s3.amazonaws.com/fecphotogallery2019/photos/20_1.jpg,20
77,https://s3.amazonaws.com/fecphotogallery2019/photos/20_2.jpg,20
78,https://s3.amazonaws.com/fecphotogallery2019/photos/20_3.jpg,20
79,https://s3.amazonaws.com/fecphotogallery2019/photos/21_1.jpg,21
80,https://s3.amazonaws.com/fecphotogallery2019/photos/21_2.jpg,21
81,https://s3.amazonaws.com/fecphotogallery2019/photos/21_3.jpg,21
82,https://s3.amazonaws.com/fecphotogallery2019/photos/22_1.jpg,22
83,https://s3.amazonaws.com/fecphotogallery2019/photos/22_2.jpg,22
84,https://s3.amazonaws.com/fecphotogallery2019/photos/23_1.jpg,23
85,https://s3.amazonaws.com/fecphotogallery2019/photos/23_2.jpg,23
86,https://s3.amazonaws.com/fecphotogallery2019/photos/23_3.jpg,23
87,https://s3.amazonaws.com/fecphotogallery2019/photos/23_4.jpg,23
88,https://s3.amazonaws.com/fecphotogallery2019/photos/24_1.jpg,24
89,https://s3.amazonaws.com/fecphotogallery2019/photos/24_2.jpg,24
90,https://s3.amazonaws.com/fecphotogallery2019/photos/24_3.jpg,24
91,https://s3.amazonaws.com/fecphotogallery2019/photos/25_1.png,25
92,https://s3.amazonaws.com/fecphotogallery2019/photos/25_2.jpg,25
93,https://s3.amazonaws.com/fecphotogallery2019/photos/25_3.jpg,25
94,https://s3.amazonaws.com/fecphotogallery2019/photos/26_1.jpg,26
95,https://s3.amazonaws.com/fecphotogallery2019/photos/26_2.jpg,26
96,https://s3.amazonaws.com/fecphotogallery2019/photos/26_3.jpg,26
97,https://s3.amazonaws.com/fecphotogallery2019/photos/27_1.png,27
98,https://s3.amazonaws.com/fecphotogallery2019/photos/27_2.jpg,27
99,https://s3.amazonaws.com/fecphotogallery2019/photos/27_3.png,27
100,https://s3.amazonaws.com/fecphotogallery2019/photos/28_1.jpg,28
101,https://s3.amazonaws.com/fecphotogallery2019/photos/28_2.jpg,28
102,https://s3.amazonaws.com/fecphotogallery2019/photos/28_3.jpg,28
103,https://s3.amazonaws.com/fecphotogallery2019/photos/28_4.jpg,28
104,https://s3.amazonaws.com/fecphotogallery2019/photos/29_1.jpg,29
105,https://s3.amazonaws.com/fecphotogallery2019/photos/29_2.jpg,29
106,https://s3.amazonaws.com/fecphotogallery2019/photos/29_3.jpg,29
107,https://s3.amazonaws.com/fecphotogallery2019/photos/30_1.jpg,30
108,https://s3.amazonaws.com/fecphotogallery2019/photos/30_2.jpg,30
109,https://s3.amazonaws.com/fecphotogallery2019/photos/30_3.jpg,30
110,https://s3.amazonaws.com/fecphotogallery2019/photos/30_4.jpg,30
111,https://s3.amazonaws.com/fecphotogallery2019/photos/31_1.jpg,31
112,https://s3.amazonaws.com/fecphotogallery2019/photos/31_2.jpg,31
113,https://s3.amazonaws.com/fecphotogallery2019/photos/31_3.jpg,31
114,https://s3.amazonaws.com/fecphotogallery2019/photos/32_1.jpg,32
115,https://s3.amazonaws.com/fecphotogallery2019/photos/32_2.jpg,32
116,https://s3.amazonaws.com/fecphotogallery2019/photos/32_3.jpg,32
117,https://s3.amazonaws.com/fecphotogallery2019/photos/32_4.jpg,32
118,https://s3.amazonaws.com/fecphotogallery2019/photos/33_1.jpg,33
119,https://s3.amazonaws.com/fecphotogallery2019/photos/33_2.jpg,33
120,https://s3.amazonaws.com/fecphotogallery2019/photos/33_3.jpg,33
121,https://s3.amazonaws.com/fecphotogallery2019/photos/34_1.jpg,34
122,https://s3.amazonaws.com/fecphotogallery2019/photos/34_2.jpg,34
123,https://s3.amazonaws.com/fecphotogallery2019/photos/34_3.jpg,34
124,https://s3.amazonaws.com/fecphotogallery2019/photos/35_1.jpg,35
125,https://s3.amazonaws.com/fecphotogallery2019/photos/35_2.jpg,35
126,https://s3.amazonaws.com/fecphotogallery2019/photos/35_3.jpg,35
127,https://s3.amazonaws.com/fecphotogallery2019/photos/36_1.jpeg,36
128,https://s3.amazonaws.com/fecphotogallery2019/photos/36_2.jpeg,36
129,https://s3.amazonaws.com/fecphotogallery2019/photos/36_3.jpeg,36
130,https://s3.amazonaws.com/fecphotogallery2019/photos/37_1.jpg,37
131,https://s3.amazonaws.com/fecphotogallery2019/photos/37_2.jpg,37
132,https://s3.amazonaws.com/fecphotogallery2019/photos/37_3.jpg,37
133,https://s3.amazonaws.com/fecphotogallery2019/photos/37_4.jpg,37
134,https://s3.amazonaws.com/fecphotogallery2019/photos/38_1.jpg,38
135,https://s3.amazonaws.com/fecphotogallery2019/photos/38_2.jpg,38
136,https://s3.amazonaws.com/fecphotogallery2019/photos/38_3.jpg,38
137,https://s3.amazonaws.com/fecphotogallery2019/photos/39_1.jpg,39
138,https://s3.amazonaws.com/fecphotogallery2019/photos/39_2.jpg,39
139,https://s3.amazonaws.com/fecphotogallery2019/photos/39_3.jpg,39
140,https://s3.amazonaws.com/fecphotogallery2019/photos/40_1.jpg,40
141,https://s3.amazonaws.com/fecphotogallery2019/photos/40_2.jpg,40
142,https://s3.amazonaws.com/fecphotogallery2019/photos/40_3.jpg,40
143,https://s3.amazonaws.com/fecphotogallery2019/photos/41_1.jpg,41
144,https://s3.amazonaws.com/fecphotogallery2019/photos/41_2.jpg,41
145,https://s3.amazonaws.com/fecphotogallery2019/photos/41_3.jpg,41
146,https://s3.amazonaws.com/fecphotogallery2019/photos/42_1.jpg,42
147,https://s3.amazonaws.com/fecphotogallery2019/photos/42_2.jpg,42
148,https://s3.amazonaws.com/fecphotogallery2019/photos/42_3.jpg,42
149,https://s3.amazonaws.com/fecphotogallery2019/photos/43_1.jpg,43
150,https://s3.amazonaws.com/fecphotogallery2019/photos/43_2.jpg,43
151,https://s3.amazonaws.com/fecphotogallery2019/photos/43_3.jpg,43
152,https://s3.amazonaws.com/fecphotogallery2019/photos/43_4.jpg,43
153,https://s3.amazonaws.com/fecphotogallery2019/photos/44_1.jpg,44
154,https://s3.amazonaws.com/fecphotogallery2019/photos/44_2.jpg,44
155,https://s3.amazonaws.com/fecphotogallery2019/photos/44_3.jpg,44
156,https://s3.amazonaws.com/fecphotogallery2019/photos/44_4.jpg,44
157,https://s3.amazonaws.com/fecphotogallery2019/photos/45_1.jpg,45
158,https://s3.amazonaws.com/fecphotogallery2019/photos/45_2.jpg,45
159,https://s3.amazonaws.com/fecphotogallery2019/photos/45_3.jpg,45
160,https://s3.amazonaws.com/fecphotogallery2019/photos/45_4.jpg,45
161,https://s3.amazonaws.com/fecphotogallery2019/photos/45_5.jpg,45
162,https://s3.amazonaws.com/fecphotogallery2019/photos/46_1.jpg,46
163,https://s3.amazonaws.com/fecphotogallery2019/photos/46_2.jpg,46
164,https://s3.amazonaws.com/fecphotogallery2019/photos/46_3.jpg,46
165,https://s3.amazonaws.com/fecphotogallery2019/photos/47_1.jpg,47
166,https://s3.amazonaws.com/fecphotogallery2019/photos/47_2.jpg,47
167,https://s3.amazonaws.com/fecphotogallery2019/photos/47_3.jpg,47
168,https://s3.amazonaws.com/fecphotogallery2019/photos/48_1.jpg,48
169,https://s3.amazonaws.com/fecphotogallery2019/photos/48_2.jpg,48
170,https://s3.amazonaws.com/fecphotogallery2019/photos/48_3.jpg,48
171,https://s3.amazonaws.com/fecphotogallery2019/photos/49_1.jpg,49
172,https://s3.amazonaws.com/fecphotogallery2019/photos/49_2.jpg,49
173,https://s3.amazonaws.com/fecphotogallery2019/photos/50_1.jpg,50
174,https://s3.amazonaws.com/fecphotogallery2019/photos/50_2.jpg,50
175,https://s3.amazonaws.com/fecphotogallery2019/photos/50_3.jpg,50
176,https://s3.amazonaws.com/fecphotogallery2019/photos/51_1.jpg,51
177,https://s3.amazonaws.com/fecphotogallery2019/photos/51_2.jpg,51
178,https://s3.amazonaws.com/fecphotogallery2019/photos/51_3.jpg,51
179,https://s3.amazonaws.com/fecphotogallery2019/photos/52_1.jpg,52
180,https://s3.amazonaws.com/fecphotogallery2019/photos/52_2.jpg,52
181,https://s3.amazonaws.com/fecphotogallery2019/photos/52_3.jpg,52
182,https://s3.amazonaws.com/fecphotogallery2019/photos/53_1.jpg,53
183,https://s3.amazonaws.com/fecphotogallery2019/photos/53_2.jpg,53
184,https://s3.amazonaws.com/fecphotogallery2019/photos/53_3.jpg,53
185,https://s3.amazonaws.com/fecphotogallery2019/photos/54_1.jpg,54
186,https://s3.amazonaws.com/fecphotogallery2019/photos/54_2.jpg,54
187,https://s3.amazonaws.com/fecphotogallery2019/photos/54_3.jpg,54
188,https://s3.amazonaws.com/fecphotogallery2019/photos/55_1.jpg,55
189,https://s3.amazonaws.com/fecphotogallery2019/photos/56_1.jpg,56
190,https://s3.amazonaws.com/fecphotogallery2019/photos/57_1.jpg,57
191,https://s3.amazonaws.com/fecphotogallery2019/photos/57_2.jpg,57
192,https://s3.amazonaws.com/fecphotogallery2019/photos/57_3.png,57
193,https://s3.amazonaws.com/fecphotogallery2019/photos/57_4.jpg,57
194,https://s3.amazonaws.com/fecphotogallery2019/photos/58_1.jpg,58
195,https://s3.amazonaws.com/fecphotogallery2019/photos/58_2.jpg,58
196,https://s3.amazonaws.com/fecphotogallery2019/photos/58_3.jpg,58
197,https://s3.amazonaws.com/fecphotogallery2019/photos/59_1.jpg,59
198,https://s3.amazonaws.com/fecphotogallery2019/photos/60_1.jpg,60
199,https://s3.amazonaws.com/fecphotogallery2019/photos/60_2.jpg,60
200,https://s3.amazonaws.com/fecphotogallery2019/photos/60_3.jpg,60
201,https://s3.amazonaws.com/fecphotogallery2019/photos/60_4.jpg,60
202,https://s3.amazonaws.com/fecphotogallery2019/photos/61_1.jpg,61
203,https://s3.amazonaws.com/fecphotogallery2019/photos/61_2.jpg,61
204,https://s3.amazonaws.com/fecphotogallery2019/photos/61_3.jpg,61
205,https://s3.amazonaws.com/fecphotogallery2019/photos/62_1.jpg,62
206,https://s3.amazonaws.com/fecphotogallery2019/photos/62_2.jpg,62
207,https://s3.amazonaws.com/fecphotogallery2019/photos/62_3.jpg,62
208,https://s3.amazonaws.com/fecphotogallery2019/photos/62_4.jpg,62
209,https://s3.amazonaws.com/fecphotogallery2019/photos/63_1.jpg,63
210,https://s3.amazonaws.com/fecphotogallery2019/photos/63_2.jpg,63
211,https://s3.amazonaws.com/fecphotogallery2019/photos/63_3.jpg,63
212,https://s3.amazonaws.com/fecphotogallery2019/photos/64_1.jpg,64
213,https://s3.amazonaws.com/fecphotogallery2019/photos/64_2.jpg,64
214,https://s3.amazonaws.com/fecphotogallery2019/photos/65_1.jpg,65
215,https://s3.amazonaws.com/fecphotogallery2019/photos/65_2.jpg,65
216,https://s3.amazonaws.com/fecphotogallery2019/photos/65_3.jpg,65
217,https://s3.amazonaws.com/fecphotogallery2019/photos/65_4.jpg,65
218,https://s3.amazonaws.com/fecphotogallery2019/photos/66_1.jpg,66
219,https://s3.amazonaws.com/fecphotogallery2019/photos/66_2.jpg,66
220,https://s3.amazonaws.com/fecphotogallery2019/photos/66_3.jpg,66
221,https://s3.amazonaws.com/fecphotogallery2019/photos/67_1.jpg,67
222,https://s3.amazonaws.com/fecphotogallery2019/photos/67_2.jpg,67
223,https://s3.amazonaws.com/fecphotogallery2019/photos/67_3.jpg,67
224,https://s3.amazonaws.com/fecphotogallery2019/photos/67_4.jpg,67
225,https://s3.amazonaws.com/fecphotogallery2019/photos/68_1.jpg,68
226,https://s3.amazonaws.com/fecphotogallery2019/photos/68_2.jpg,68
227,https://s3.amazonaws.com/fecphotogallery2019/photos/69_1.jpg,69
228,https://s3.amazonaws.com/fecphotogallery2019/photos/69_2.jpg,69
229,https://s3.amazonaws.com/fecphotogallery2019/photos/70_1.jpg,70
230,https://s3.amazonaws.com/fecphotogallery2019/photos/70_2.jpg,70
231,https://s3.amazonaws.com/fecphotogallery2019/photos/70_3.jpg,70
232,https://s3.amazonaws.com/fecphotogallery2019/photos/71_1.jpg,71
233,https://s3.amazonaws.com/fecphotogallery2019/photos/71_2.jpg,71
234,https://s3.amazonaws.com/fecphotogallery2019/photos/71_3.jpg,71
235,https://s3.amazonaws.com/fecphotogallery2019/photos/71_4.jpg,71
236,https://s3.amazonaws.com/fecphotogallery2019/photos/72_1.jpg,72
237,https://s3.amazonaws.com/fecphotogallery2019/photos/72_2.jpg,72
238,https://s3.amazonaws.com/fecphotogallery2019/photos/73_1.jpg,73
239,https://s3.amazonaws.com/fecphotogallery2019/photos/73_2.jpg,73
240,https://s3.amazonaws.com/fecphotogallery2019/photos/73_3.jpg,73
241,https://s3.amazonaws.com/fecphotogallery2019/photos/74_1.jpeg,74
242,https://s3.amazonaws.com/fecphotogallery2019/photos/74_2.jpg,74
243,https://s3.amazonaws.com/fecphotogallery2019/photos/74_3.jpg,74
244,https://s3.amazonaws.com/fecphotogallery2019/photos/75_1.jpg,75
245,https://s3.amazonaws.com/fecphotogallery2019/photos/75_2.jpg,75
246,https://s3.amazonaws.com/fecphotogallery2019/photos/75_3.jpg,75
247,https://s3.amazonaws.com/fecphotogallery2019/photos/75_4.jpg,75
248,https://s3.amazonaws.com/fecphotogallery2019/photos/76_1.jpg,76
249,https://s3.amazonaws.com/fecphotogallery2019/photos/76_2.jpg,76
250,https://s3.amazonaws.com/fecphotogallery2019/photos/76_3.jpg,76
251,https://s3.amazonaws.com/fecphotogallery2019/photos/77_1.jpg,77
252,https://s3.amazonaws.com/fecphotogallery2019/photos/77_2.jpg,77
253,https://s3.amazonaws.com/fecphotogallery2019/photos/77_3.jpg,77
254,https://s3.amazonaws.com/fecphotogallery2019/photos/77_4.jpg,77
255,https://s3.amazonaws.com/fecphotogallery2019/photos/78_1.jpg,78
256,https://s3.amazonaws.com/fecphotogallery2019/photos/78_2.jpg,78
257,https://s3.amazonaws.com/fecphotogallery2019/photos/78_3.jpg,78
258,https://s3.amazonaws.com/fecphotogallery2019/photos/78_4.jpg,78
259,https://s3.amazonaws.com/fecphotogallery2019/photos/79_1.jpg,79
260,https://s3.amazonaws.com/fecphotogallery2019/photos/79_2.png,79
261,https://s3.amazonaws.com/fecphotogallery2019/photos/79_3.jpg,79
262,https://s3.amazonaws.com/fecphotogallery2019/photos/80_1.jpg,80
263,https://s3.amazonaws.com/fecphotogallery2019/photos/80_2.jpg,80
264,https://s3.amazonaws.com/fecphotogallery2019/photos/80_3.jpg,80
265,https://s3.amazonaws.com/fecphotogallery2019/photos/80_4.jpg,80
266,https://s3.amazonaws.com/fecphotogallery2019/photos/81_1.jpg,81
267,https://s3.amazonaws.com/fecphotogallery2019/photos/81_2.jpg,81
268,https://s3.amazonaws.com/fecphotogallery2019/photos/81_3.jpg,81
269,https://s3.amazonaws.com/fecphotogallery2019/photos/82_1.jpg,82
270,https://s3.amazonaws.com/fecphotogallery2019/photos/82_2.jpg,82
271,https://s3.amazonaws.com/fecphotogallery2019/photos/82_3.jpg,82
272,https://s3.amazonaws.com/fecphotogallery2019/photos/83_1.jpeg,83
273,https://s3.amazonaws.com/fecphotogallery2019/photos/83_2.jpeg,83
274,https://s3.amazonaws.com/fecphotogallery2019/photos/83_3.jpeg,83
275,https://s3.amazonaws.com/fecphotogallery2019/photos/83_4.jpeg,83
276,https://s3.amazonaws.com/fecphotogallery2019/photos/84_1.jpg,84
277,https://s3.amazonaws.com/fecphotogallery2019/photos/84_2.jpg,84
278,https://s3.amazonaws.com/fecphotogallery2019/photos/84_3.jpg,84
279,https://s3.amazonaws.com/fecphotogallery2019/photos/85_1.jpeg,85
280,https://s3.amazonaws.com/fecphotogallery2019/photos/85_2.jpeg,85
281,https://s3.amazonaws.com/fecphotogallery2019/photos/85_3.jpeg,85
282,https://s3.amazonaws.com/fecphotogallery2019/photos/86_1.jpeg,86
283,https://s3.amazonaws.com/fecphotogallery2019/photos/86_2.jpeg,86
284,https://s3.amazonaws.com/fecphotogallery2019/photos/86_3.jpeg,86
285,https://s3.amazonaws.com/fecphotogallery2019/photos/86_4.jpg,86
286,https://s3.amazonaws.com/fecphotogallery2019/photos/87_1.jpg,87
287,https://s3.amazonaws.com/fecphotogallery2019/photos/87_2.jpg,87
288,https://s3.amazonaws.com/fecphotogallery2019/photos/87_3.jpg,87
289,https://s3.amazonaws.com/fecphotogallery2019/photos/87_4.png,87
290,https://s3.amazonaws.com/fecphotogallery2019/photos/88_1.jpg,88
291,https://s3.amazonaws.com/fecphotogallery2019/photos/88_2.jpg,88
292,https://s3.amazonaws.com/fecphotogallery2019/photos/88_3.jpg,88
293,https://s3.amazonaws.com/fecphotogallery2019/photos/88_4.jpg,88
294,https://s3.amazonaws.com/fecphotogallery2019/photos/89_1.jpg,89
295,https://s3.amazonaws.com/fecphotogallery2019/photos/89_2.jpg,89
296,https://s3.amazonaws.com/fecphotogallery2019/photos/89_3.jpg,89
297,https://s3.amazonaws.com/fecphotogallery2019/photos/90_1.jpg,90
298,https://s3.amazonaws.com/fecphotogallery2019/photos/90_2.jpg,90
299,https://s3.amazonaws.com/fecphotogallery2019/photos/90_3.jpg,90
300,https://s3.amazonaws.com/fecphotogallery2019/photos/91_1.jpg,91
301,https://s3.amazonaws.com/fecphotogallery2019/photos/91_2.jpg,91
302,https://s3.amazonaws.com/fecphotogallery2019/photos/91_3.jpg,91
303,https://s3.amazonaws.com/fecphotogallery2019/photos/92_1.jpg,92
304,https://s3.amazonaws.com/fecphotogallery2019/photos/92_2.jpg,92
305,https://s3.amazonaws.com/fecphotogallery2019/photos/92_3.jpg,92
306,https://s3.amazonaws.com/fecphotogallery2019/photos/93_1.jpg,93
307,https://s3.amazonaws.com/fecphotogallery2019/photos/93_2.jpg,93
308,https://s3.amazonaws.com/fecphotogallery2019/photos/93_3.png,93
309,https://s3.amazonaws.com/fecphotogallery2019/photos/93_4.jpg,93
310,https://s3.amazonaws.com/fecphotogallery2019/photos/94_1.jpg,94
311,https://s3.amazonaws.com/fecphotogallery2019/photos/94_2.jpg,94
312,https://s3.amazonaws.com/fecphotogallery2019/photos/94_3.jpg,94
313,https://s3.amazonaws.com/fecphotogallery2019/photos/95_1.jpg,95
314,https://s3.amazonaws.com/fecphotogallery2019/photos/95_2.jpg,95
315,https://s3.amazonaws.com/fecphotogallery2019/photos/95_3.jpg,95
316,https://s3.amazonaws.com/fecphotogallery2019/photos/96_1.jpg,96
317,https://s3.amazonaws.com/fecphotogallery2019/photos/96_2.jpg,96
318,https://s3.amazonaws.com/fecphotogallery2019/photos/96_3.jpg,96
319,https://s3.amazonaws.com/fecphotogallery2019/photos/96_4.jpg,96
320,https://s3.amazonaws.com/fecphotogallery2019/photos/96_5.jpg,96
321,https://s3.amazonaws.com/fecphotogallery2019/photos/97_1.jpg,97
322,https://s3.amazonaws.com/fecphotogallery2019/photos/97_2.jpg,97
323,https://s3.amazonaws.com/fecphotogallery2019/photos/97_3.jpg,97
324,https://s3.amazonaws.com/fecphotogallery2019/photos/97_4.jpg,97
325,https://s3.amazonaws.com/fecphotogallery2019/photos/98_1.jpg,98
326,https://s3.amazonaws.com/fecphotogallery2019/photos/98_2.jpg,98
327,https://s3.amazonaws.com/fecphotogallery2019/photos/98_3.jpg,98
328,https://s3.amazonaws.com/fecphotogallery2019/photos/98_4.jpg,98
329,https://s3.amazonaws.com/fecphotogallery2019/photos/99_1.jpg,99
330,https://s3.amazonaws.com/fecphotogallery2019/photos/99_2.jpg,99
331,https://s3.amazonaws.com/fecphotogallery2019/photos/99_3.jpg,99
332,https://s3.amazonaws.com/fecphotogallery2019/photos/100_1.jpg,100
333,https://s3.amazonaws.com/fecphotogallery2019/photos/100_2.jpg,100
334,https://s3.amazonaws.com/fecphotogallery2019/photos/100_3.jpg,100